{
  "0": {
    "time": 29.966,
    "mem": 4924584,
    "read": 17557,
    "write": 7960,
    "flops": 551426.4,
    "emem": 4924576,
    "e": 31.164640000000002
  },
  "1": {
    "time": 84.977,
    "mem": 5212200,
    "read": 48384,
    "write": 14075,
    "flops": 2391712.4,
    "emem": 5212192,
    "e": 88.37608
  },
  "2": {
    "time": 51.942,
    "mem": 5604192,
    "read": 30206,
    "write": 11338,
    "flops": 1317791.376,
    "emem": 5604184,
    "e": 54.01968
  },
  "3": {
    "time": 39.344,
    "mem": 4848768,
    "read": 25078,
    "write": 9271,
    "flops": 1016133.12,
    "emem": 4848760,
    "e": 40.91776
  },
  "4": {
    "time": 49.121,
    "mem": 4902352,
    "read": 29994,
    "write": 10315,
    "flops": 1310400.0,
    "emem": 4902344,
    "e": 51.085840000000005
  },
  "5": {
    "time": 11.596,
    "mem": 4619888,
    "read": 10038,
    "write": 5397,
    "flops": 174588.96,
    "emem": 4619880,
    "e": 12.059840000000001
  },
  "6": {
    "time": 133.574,
    "mem": 7312680,
    "read": 70827,
    "write": 18909,
    "flops": 3904015.86,
    "emem": 7312672,
    "e": 138.91696000000002
  },
  "7": {
    "time": 113.52,
    "mem": 6070760,
    "read": 51927,
    "write": 16775,
    "flops": 2682780.672,
    "emem": 6070752,
    "e": 118.0608
  },
  "8": {
    "time": 29.139,
    "mem": 4860960,
    "read": 17735,
    "write": 7953,
    "flops": 557058.72,
    "emem": 4860952,
    "e": 30.30456
  },
  "9": {
    "time": 41.531,
    "mem": 4868736,
    "read": 24446,
    "write": 9288,
    "flops": 976410.72,
    "emem": 4868728,
    "e": 43.19224
  },
  "10": {
    "time": 96.319,
    "mem": 5424880,
    "read": 43164,
    "write": 14203,
    "flops": 2101932.0,
    "emem": 5424872,
    "e": 100.17176
  },
  "11": {
    "time": 75.191,
    "mem": 5116680,
    "read": 41316,
    "write": 13717,
    "flops": 1936667.04,
    "emem": 5116672,
    "e": 78.19864000000001
  },
  "12": {
    "time": 31.147,
    "mem": 4233600,
    "read": 20450,
    "write": 7671,
    "flops": 616717.5,
    "emem": 4233592,
    "e": 32.39288
  },
  "13": {
    "time": 24.29,
    "mem": 5087328,
    "read": 13372,
    "write": 6770,
    "flops": 323767.136,
    "emem": 5087320,
    "e": 25.2616
  },
  "14": {
    "time": 105.346,
    "mem": 6196616,
    "read": 54129,
    "write": 17198,
    "flops": 2847246.336,
    "emem": 6196608,
    "e": 109.55984000000001
  },
  "15": {
    "time": 70.358,
    "mem": 5530896,
    "read": 41188,
    "write": 13179,
    "flops": 2017612.8,
    "emem": 5530888,
    "e": 73.17232000000001
  },
  "16": {
    "time": 49.677,
    "mem": 4625600,
    "read": 29519,
    "write": 10139,
    "flops": 1253297.5,
    "emem": 4625592,
    "e": 51.66408
  },
  "17": {
    "time": 113.486,
    "mem": 6346040,
    "read": 57683,
    "write": 17437,
    "flops": 3005903.824,
    "emem": 6346032,
    "e": 118.02544
  },
  "18": {
    "time": 37.533,
    "mem": 4956336,
    "read": 21102,
    "write": 8552,
    "flops": 781208.064,
    "emem": 4956328,
    "e": 39.03432
  },
  "19": {
    "time": 117.975,
    "mem": 6668168,
    "read": 61154,
    "write": 17867,
    "flops": 3213810.24,
    "emem": 6668160,
    "e": 122.694
  },
  "20": {
    "time": 10.917,
    "mem": 4115584,
    "read": 8905,
    "write": 4829,
    "flops": 144830.4,
    "emem": 4115576,
    "e": 11.35368
  },
  "21": {
    "time": 67.296,
    "mem": 5286400,
    "read": 36815,
    "write": 13100,
    "flops": 1732780.8,
    "emem": 5286392,
    "e": 69.98784
  },
  "22": {
    "time": 32.24,
    "mem": 4708352,
    "read": 19986,
    "write": 8200,
    "flops": 692074.24,
    "emem": 4708344,
    "e": 33.5296
  },
  "23": {
    "time": 106.916,
    "mem": 6214216,
    "read": 53689,
    "write": 17228,
    "flops": 2768702.04,
    "emem": 6214208,
    "e": 111.19264
  },
  "24": {
    "time": 126.769,
    "mem": 6760440,
    "read": 67400,
    "write": 18001,
    "flops": 3623029.8,
    "emem": 6760432,
    "e": 131.83976
  },
  "25": {
    "time": 99.505,
    "mem": 5992928,
    "read": 50501,
    "write": 15955,
    "flops": 2449794.0,
    "emem": 5992920,
    "e": 103.48519999999999
  },
  "26": {
    "time": 24.987,
    "mem": 4402248,
    "read": 14703,
    "write": 6720,
    "flops": 428593.32,
    "emem": 4402240,
    "e": 25.98648
  },
  "27": {
    "time": 78.84,
    "mem": 5036688,
    "read": 42966,
    "write": 13879,
    "flops": 2013444.864,
    "emem": 5036680,
    "e": 81.9936
  },
  "28": {
    "time": 31.524,
    "mem": 4650784,
    "read": 20554,
    "write": 7973,
    "flops": 742616.0,
    "emem": 4650776,
    "e": 32.784960000000005
  },
  "29": {
    "time": 108.206,
    "mem": 6149104,
    "read": 56462,
    "write": 16959,
    "flops": 2952567.072,
    "emem": 6149096,
    "e": 112.53424000000001
  },
  "30": {
    "time": 18.511,
    "mem": 4983104,
    "read": 13154,
    "write": 6655,
    "flops": 317485.504,
    "emem": 4983096,
    "e": 19.25144
  },
  "31": {
    "time": 79.27,
    "mem": 5437040,
    "read": 41116,
    "write": 14290,
    "flops": 1927841.08,
    "emem": 5437032,
    "e": 82.4408
  },
  "32": {
    "time": 36.996,
    "mem": 5123056,
    "read": 21356,
    "write": 9344,
    "flops": 761198.88,
    "emem": 5123048,
    "e": 38.475840000000005
  },
  "33": {
    "time": 132.051,
    "mem": 7322940,
    "read": 67209,
    "write": 19367,
    "flops": 3691403.52,
    "emem": 7322932,
    "e": 137.33303999999998
  },
  "34": {
    "time": 100.212,
    "mem": 5992904,
    "read": 52529,
    "write": 16173,
    "flops": 2624888.448,
    "emem": 5992896,
    "e": 104.22048000000001
  },
  "35": {
    "time": 113.389,
    "mem": 6340140,
    "read": 60596,
    "write": 17050,
    "flops": 3138210.0,
    "emem": 6340132,
    "e": 117.92456
  },
  "36": {
    "time": 28.839,
    "mem": 4729472,
    "read": 19684,
    "write": 7859,
    "flops": 694819.84,
    "emem": 4729464,
    "e": 29.99256
  },
  "37": {
    "time": 83.845,
    "mem": 5760832,
    "read": 40807,
    "write": 14340,
    "flops": 1906335.2,
    "emem": 5760824,
    "e": 87.1988
  },
  "38": {
    "time": 128.747,
    "mem": 6603744,
    "read": 62242,
    "write": 17873,
    "flops": 3331120.128,
    "emem": 6603736,
    "e": 133.89688
  },
  "39": {
    "time": 22.673,
    "mem": 4593216,
    "read": 15838,
    "write": 7094,
    "flops": 479621.088,
    "emem": 4593208,
    "e": 23.579919999999998
  },
  "40": {
    "time": 27.454,
    "mem": 4635024,
    "read": 17482,
    "write": 7640,
    "flops": 563827.392,
    "emem": 4635016,
    "e": 28.55216
  },
  "41": {
    "time": 107.433,
    "mem": 6518408,
    "read": 52364,
    "write": 17334,
    "flops": 2642885.28,
    "emem": 6518400,
    "e": 111.73032
  },
  "42": {
    "time": 61.251,
    "mem": 5089328,
    "read": 33556,
    "write": 11686,
    "flops": 1438191.252,
    "emem": 5089320,
    "e": 63.70104
  },
  "43": {
    "time": 21.012,
    "mem": 4592440,
    "read": 14144,
    "write": 6772,
    "flops": 381729.0,
    "emem": 4592432,
    "e": 21.85248
  },
  "44": {
    "time": 48.839,
    "mem": 5234544,
    "read": 27415,
    "write": 10729,
    "flops": 1105138.944,
    "emem": 5234536,
    "e": 50.79256
  },
  "45": {
    "time": 62.022,
    "mem": 5174064,
    "read": 37502,
    "write": 11861,
    "flops": 1741340.16,
    "emem": 5174056,
    "e": 64.50288
  },
  "46": {
    "time": 24.469,
    "mem": 4884800,
    "read": 16087,
    "write": 7559,
    "flops": 485829.6,
    "emem": 4884792,
    "e": 25.447760000000002
  },
  "47": {
    "time": 18.243,
    "mem": 4787888,
    "read": 13101,
    "write": 6540,
    "flops": 328312.32,
    "emem": 4787880,
    "e": 18.97272
  },
  "48": {
    "time": 45.503,
    "mem": 4816656,
    "read": 26797,
    "write": 9970,
    "flops": 1106670.24,
    "emem": 4816648,
    "e": 47.32312
  },
  "49": {
    "time": 66.792,
    "mem": 5286560,
    "read": 38384,
    "write": 12648,
    "flops": 1824724.992,
    "emem": 5286552,