{
  "0": {
    "time": 2.192,
    "mem": 23440,
    "read": 18425,
    "write": 26,
    "flops": 9405.3,
    "emem": 23440,
    "e": 3.466304381546051
  },
  "1": {
    "time": 2.52,
    "mem": 24064,
    "read": 18514,
    "write": 26,
    "flops": 9451.136,
    "emem": 24064,
    "e": 3.9887399135285126
  },
  "2": {
    "time": 1.81,
    "mem": 24040,
    "read": 13141,
    "write": 25,
    "flops": 6701.15,
    "emem": 24040,
    "e": 2.769497943618587
  },
  "3": {
    "time": 2.746,
    "mem": 23448,
    "read": 18041,
    "write": 26,
    "flops": 9209.202,
    "emem": 23448,
    "e": 4.488147679170282
  },
  "4": {
    "time": 2.209,
    "mem": 23160,
    "read": 18510,
    "write": 25,
    "flops": 9449.28,
    "emem": 23160,
    "e": 3.732568653069112
  },
  "5": {
    "time": 1.936,
    "mem": 22512,
    "read": 14088,
    "write": 24,
    "flops": 7186.956,
    "emem": 22512,
    "e": 3.120634429994665
  },
  "6": {
    "time": 1.913,
    "mem": 23752,
    "read": 14365,
    "write": 25,
    "flops": 7327.492,
    "emem": 23752,
    "e": 3.159995131932488
  },
  "7": {
    "time": 2.213,
    "mem": 22304,
    "read": 18142,
    "write": 25,
    "flops": 9261.736,
    "emem": 22304,
    "e": 3.6757341886123402
  },
  "8": {
    "time": 1.985,
    "mem": 22960,
    "read": 16824,
    "write": 24,
    "flops": 8587.04,
    "emem": 22960,
    "e": 3.1332283517675434
  },
  "9": {
    "time": 1.942,
    "mem": 22488,
    "read": 15698,
    "write": 24,
    "flops": 8011.35,
    "emem": 22488,
    "e": 3.2618978199454074
  },
  "10": {
    "time": 3.113,
    "mem": 24448,
    "read": 23337,
    "write": 27,
    "flops": 11918.4,
    "emem": 24448,
    "e": 5.059076270568525
  },
  "11": {
    "time": 1.791,
    "mem": 24176,
    "read": 12826,
    "write": 25,
    "flops": 6539.608,
    "emem": 24176,
    "e": 2.8237993973088553
  },
  "12": {
    "time": 2.676,
    "mem": 24048,
    "read": 18549,
    "write": 26,
    "flops": 9468.9,
    "emem": 24048,
    "e": 4.285332958115944
  },
  "13": {
    "time": 2.079,
    "mem": 24176,
    "read": 15838,
    "write": 26,
    "flops": 8080.828,
    "emem": 24176,
    "e": 3.3718784023994517
  },
  "14": {
    "time": 2.128,
    "mem": 23896,
    "read": 16389,
    "write": 25,
    "flops": 8363.6,
    "emem": 23896,
    "e": 3.4039783430674793
  },
  "15": {
    "time": 2.497,
    "mem": 24904,
    "read": 19599,
    "write": 27,
    "flops": 10005.182,
    "emem": 24904,
    "e": 4.052187051127982
  },
  "16": {
    "time": 2.144,
    "mem": 22672,
    "read": 17323,
    "write": 25,
    "flops": 8842.08,
    "emem": 22672,
    "e": 3.2954881359757873
  },
  "17": {
    "time": 2.369,
    "mem": 23216,
    "read": 13564,
    "write": 25,
    "flops": 6918.368,
    "emem": 23216,
    "e": 3.8377773877122032
  },
  "18": {
    "time": 2.079,
    "mem": 22144,
    "read": 17461,
    "write": 25,
    "flops": 8912.96,
    "emem": 22144,
    "e": 3.2420205566729674
  },
  "19": {
    "time": 2.124,
    "mem": 24768,
    "read": 16528,
    "write": 26,
    "flops": 8433.504,
    "emem": 24768,
    "e": 3.2407163685335845
  },
  "20": {
    "time": 2.1,
    "mem": 23112,
    "read": 14678,
    "write": 25,
    "flops": 7488.288,
    "emem": 23112,
    "e": 3.5157925478160155
  },
  "21": {
    "time": 2.331,
    "mem": 22960,
    "read": 20515,
    "write": 25,
    "flops": 10475.5,
    "emem": 22960,
    "e": 3.8438171511561894
  },
  "22": {
    "time": 1.998,
    "mem": 24440,
    "read": 14900,
    "write": 26,
    "flops": 7600.84,
    "emem": 24440,
    "e": 3.130738087393921
  },
  "23": {
    "time": 3.063,
    "mem": 23720,
    "read": 19641,
    "write": 26,
    "flops": 10027.63,
    "emem": 23720,
    "e": 4.831106301550336
  },
  "24": {
    "time": 1.877,
    "mem": 24800,
    "read": 13956,
    "write": 26,
    "flops": 7117.6,
    "emem": 24800,
    "e": 3.091070539796604
  },
  "25": {
    "time": 1.812,
    "mem": 23504,
    "read": 13468,
    "write": 25,
    "flops": 6869.044,
    "emem": 23504,
    "e": 2.907640039837671
  },
  "26": {
    "time": 2.678,
    "mem": 22216,
    "read": 19210,
    "write": 24,
    "flops": 9808.364,
    "emem": 22216,
    "e": 4.2070327774729614
  },
  "27": {
    "time": 2.204,
    "mem": 24864,
    "read": 16008,
    "write": 26,
    "flops": 8167.824,
    "emem": 24864,
    "e": 3.6384246881668827
  },
  "28": {
    "time": 2.649,
    "mem": 23272,
    "read": 20702,
    "write": 26,
    "flops": 10571.306,
    "emem": 23272,
    "e": 4.267959901873899
  },
  "29": {
    "time": 2.85,
    "mem": 23576,
    "read": 17309,
    "write": 25,
    "flops": 8835.106,
    "emem": 23576,
    "e": 4.619909863046579
  },
  "30": {
    "time": 1.918,
    "mem": 24960,
    "read": 14558,
    "write": 26,
    "flops": 7425.6,
    "emem": 24960,
    "e": 3.0182246539198947
  },
  "31": {
    "time": 1.972,
    "mem": 23024,
    "read": 15319,
    "write": 24,
    "flops": 7816.648,
    "emem": 23024,
    "e": 3.0988891669191228
  },
  "32": {
    "time": 2.255,
    "mem": 22944,
    "read": 19133,
    "write": 25,
    "flops": 9768.408,
    "emem": 22944,
    "e": 3.59460355548217
  },
  "33": {
    "time": 2.378,
    "mem": 24216,
    "read": 19649,
    "write": 26,
    "flops": 10031.478,
    "emem": 24216,
    "e": 3.9559597390374726
  },
  "34": {
    "time": 1.952,
    "mem": 22712,
    "read": 15834,
    "write": 25,
    "flops": 8079.794,
    "emem": 22712,
    "e": 3.2332340476921724
  },
  "35": {
    "time": 2.257,
    "mem": 23368,
    "read": 19577,
    "write": 25,
    "flops": 9995.662,
    "emem": 23368,
    "e": 3.637659457779829
  },
  "36": {
    "time": 1.85,
    "mem": 23640,
    "read": 12449,
    "write": 25,
    "flops": 6347.34,
    "emem": 23640,
    "e": 2.9087577773752
  },
  "37": {
    "time": 2.432,
    "mem": 23560,
    "read": 19405,
    "write": 26,
    "flops": 9906.98,
    "emem": 23560,
    "e": 3.988378477643144
  },
  "38": {
    "time": 2.071,
    "mem": 22208,
    "read": 17358,
    "write": 24,
    "flops": 8860.992,
    "emem": 22208,
    "e": 3.4243254373387284
  },
  "39": {
    "time": 1.899,
    "mem": 24672,
    "read": 14752,
    "write": 26,
    "flops": 7524.96,
    "emem": 24672,
    "e": 3.120107399139083
  },
  "40": {
    "time": 2.869,
    "mem": 24096,
    "read": 17398,
    "write": 26,
    "flops": 8879.376,
    "emem": 24096,
    "e": 4.589756917284665
  },
  "41": {
    "time": 3.354,
    "mem": 23448,
    "read": 21077,
    "write": 26,
    "flops": 10762.632,
    "emem": 23448,
    "e": 5.367049129879089
  },
  "42": {
    "time": 3.013,
    "mem": 23312,
    "read": 18244,
    "write": 26,
    "flops": 9313.144,
    "emem": 23312,
    "e": 4.66559440632305
  },
  "43": {
    "time": 2.295,
    "mem": 24704,
    "read": 17029,
    "write": 27,
    "flops": 8689.632,
    "emem": 24704,
    "e": 3.5619350489699997
  },
  "44": {
    "time": 2.324,
    "mem": 23144,
    "read": 19797,
    "write": 25,
    "flops": 10108.142,
    "emem": 23144,
    "e": 3.8275085209400177
  },
  "45": {
    "time": 2.166,
    "mem": 24448,
    "read": 18403,
    "write": 26,
    "flops": 9394.144,
    "emem": 24448,
    "e": 3.3680309129997688
  },
  "46": {
    "time": 1.987,
    "mem": 22304,
    "read": 16006,
    "write": 23,
    "flops": 8168.84,
    "emem": 22304,
    "e": 3.175866081390852
  },
  "47": {
    "time": 2.127,
    "mem": 23336,
    "read": 17430,
    "write": 25,
    "flops": 8896.85,
    "emem": 23336,
    "e": 3.305667071834251
  },
  "48": {
    "time": 1.948,
    "mem": 23432,
    "read": 15613,
    "write": 25,
    "flops": 7966.88,
    "emem": 23432,
    "e": 3.184204150512801
  },
  "49": {
    "time": 2.22,
    "mem": 22520,
    "read": 17184,
    "write": 24,
    "flops": 8771.54,
    "emem": 22520,
    "e": 3.587423980730474
  }
}