{
  "0": {
    "time": 3.908,
    "mem": 967680,
    "read": 2547,
    "write": 945,
    "flops": 154949.76,
    "emem": 967680,
    "e": 5.627086510133044
  },
  "1": {
    "time": 2.191,
    "mem": 725952,
    "read": 1522,
    "write": 708,
    "flops": 82849.272,
    "emem": 725952,
    "e": 3.112900109763213
  },
  "2": {
    "time": 0.935,
    "mem": 472800,
    "read": 814,
    "write": 461,
    "flops": 35519.1,
    "emem": 472800,
    "e": 1.563808579646858
  },
  "3": {
    "time": 0.627,
    "mem": 356608,
    "read": 545,
    "write": 348,
    "flops": 20014.624,
    "emem": 356608,
    "e": 0.9328102251280292
  },
  "4": {
    "time": 7.178,
    "mem": 1310400,
    "read": 4447,
    "write": 1279,
    "flops": 295003.8,
    "emem": 1310400,
    "e": 10.379363356943205
  },
  "5": {
    "time": 10.279,
    "mem": 1704960,
    "read": 6482,
    "write": 1665,
    "flops": 473339.52,
    "emem": 1704960,
    "e": 15.007667517102567
  },
  "6": {
    "time": 0.515,
    "mem": 247296,
    "read": 352,
    "write": 241,
    "flops": 10417.344,
    "emem": 247296,
    "e": 0.8948562822525569
  },
  "7": {
    "time": 5.114,
    "mem": 1173640,
    "read": 3605,
    "write": 1146,
    "flops": 232820.835,
    "emem": 1173640,
    "e": 7.331790244030221
  },
  "8": {
    "time": 0.888,
    "mem": 384800,
    "read": 640,
    "write": 375,
    "flops": 25060.1,
    "emem": 384800,
    "e": 1.2795657836770806
  },
  "9": {
    "time": 9.627,
    "mem": 1615680,
    "read": 6138,
    "write": 1577,
    "flops": 436435.56,
    "emem": 1615680,
    "e": 14.027676111390612
  },
  "10": {
    "time": 7.642,
    "mem": 1403360,
    "read": 5125,
    "write": 1370,
    "flops": 343998.62,
    "emem": 1403360,
    "e": 10.993406280403496
  },
  "11": {
    "time": 0.355,
    "mem": 170800,
    "read": 225,
    "write": 166,
    "flops": 5230.75,
    "emem": 170800,
    "e": 0.740331174934982
  },
  "12": {
    "time": 0.277,
    "mem": 80712,
    "read": 91,
    "write": 78,
    "flops": 1160.235,
    "emem": 80712,
    "e": 0.4025829593386821
  },
  "13": {
    "time": 5.59,
    "mem": 1203840,
    "read": 3628,
    "write": 1175,
    "flops": 238510.8,
    "emem": 1203840,
    "e": 8.135222726953828
  },
  "14": {
    "time": 1.3,
    "mem": 580608,
    "read": 1126,
    "write": 567,
    "flops": 54940.032,
    "emem": 580608,
    "e": 1.7671233289583597
  },
  "15": {
    "time": 6.776,
    "mem": 1380600,
    "read": 4411,
    "write": 1348,
    "flops": 305630.325,
    "emem": 1380600,
    "e": 9.946477357373857
  },
  "16": {
    "time": 2.149,
    "mem": 731136,
    "read": 1600,
    "write": 714,
    "flops": 87096.576,
    "emem": 731136,
    "e": 3.084528882999227
  },
  "17": {
    "time": 2.799,
    "mem": 858672,
    "read": 2261,
    "write": 838,
    "flops": 129552.138,
    "emem": 858672,
    "e": 4.137899118649219
  },
  "18": {
    "time": 2.697,
    "mem": 852480,
    "read": 2130,
    "write": 832,
    "flops": 122863.68,
    "emem": 852480,
    "e": 3.864520602545271
  },
  "19": {
    "time": 1.813,
    "mem": 695016,
    "read": 1440,
    "write": 678,
    "flops": 76712.391,
    "emem": 695016,
    "e": 2.6672144497016954
  },
  "20": {
    "time": 6.533,
    "mem": 1392384,
    "read": 4443,
    "write": 1359,
    "flops": 309283.296,
    "emem": 1392384,
    "e": 9.421993225413965
  },
  "21": {
    "time": 0.328,
    "mem": 178416,
    "read": 236,
    "write": 174,
    "flops": 5642.406,
    "emem": 178416,
    "e": 0.5153958433065408
  },
  "22": {
    "time": 7.625,
    "mem": 1372800,
    "read": 5057,
    "write": 1340,
    "flops": 334791.6,
    "emem": 1372800,
    "e": 11.034883243454926
  },
  "23": {
    "time": 9.764,
    "mem": 1615680,
    "read": 6138,
    "write": 1577,
    "flops": 436435.56,
    "emem": 1615680,
    "e": 14.151437290271348
  },
  "24": {
    "time": 4.391,
    "mem": 1123200,
    "read": 3124,
    "write": 1096,
    "flops": 202316.4,
    "emem": 1123200,
    "e": 6.527985924063268
  },
  "25": {
    "time": 0.335,
    "mem": 181440,
    "read": 239,
    "write": 177,
    "flops": 5738.04,
    "emem": 181440,
    "e": 0.4120039723735976
  },
  "26": {
    "time": 3.033,
    "mem": 940896,
    "read": 2299,
    "write": 918,
    "flops": 139840.668,
    "emem": 940896,
    "e": 4.326641260645324
  },
  "27": {
    "time": 6.733,
    "mem": 1127120,
    "read": 3185,
    "write": 1100,
    "flops": 205840.29,
    "emem": 1127120,
    "e": 9.726569375128143
  },
  "28": {
    "time": 9.832,
    "mem": 1358656,
    "read": 4658,
    "write": 1326,
    "flops": 313679.704,
    "emem": 1358656,
    "e": 14.291103657718628
  },
  "29": {
    "time": 0.35,
    "mem": 101672,
    "read": 119,
    "write": 99,
    "flops": 1817.387,
    "emem": 101672,
    "e": 0.4180232896636897
  },
  "30": {
    "time": 4.583,
    "mem": 995520,
    "read": 2781,
    "write": 972,
    "flops": 169362.84,
    "emem": 995520,
    "e": 6.647672084782376
  },
  "31": {
    "time": 7.238,
    "mem": 1317600,
    "read": 4560,
    "write": 1286,
    "flops": 301565.7,
    "emem": 1317600,
    "e": 10.573762279121292
  },
  "32": {
    "time": 1.439,
    "mem": 577728,
    "read": 1216,
    "write": 564,
    "flops": 59000.472,
    "emem": 577728,
    "e": 1.880260997648077
  },
  "33": {
    "time": 2.086,
    "mem": 668976,
    "read": 1488,
    "write": 653,
    "flops": 77350.35,
    "emem": 668976,
    "e": 2.953061958778519
  },
  "34": {
    "time": 3.267,
    "mem": 860112,
    "read": 2220,
    "write": 839,
    "flops": 127834.146,
    "emem": 860112,
    "e": 4.578432909427569
  },
  "35": {
    "time": 2.104,
    "mem": 721920,
    "read": 1606,
    "write": 705,
    "flops": 86720.64,
    "emem": 721920,
    "e": 2.9506118032750113
  },
  "36": {
    "time": 1.211,
    "mem": 530640,
    "read": 957,
    "write": 518,
    "flops": 44507.43,
    "emem": 530640,
    "e": 1.7377458737440328
  },
  "37": {
    "time": 0.913,
    "mem": 448800,
    "read": 791,
    "write": 438,
    "flops": 33716.1,
    "emem": 448800,
    "e": 1.3236847868030572
  },
  "38": {
    "time": 2.943,
    "mem": 809472,
    "read": 1948,
    "write": 790,
    "flops": 110189.376,
    "emem": 809472,
    "e": 4.232699646760831
  },
  "39": {
    "time": 4.616,
    "mem": 1153152,
    "read": 3199,
    "write": 1126,
    "flops": 210017.808,
    "emem": 1153152,
    "e": 6.593180983811614
  },
  "40": {
    "time": 8.449,
    "mem": 1447152,
    "read": 5497,
    "write": 1413,
    "flops": 369928.23,
    "emem": 1447152,
    "e": 12.292151376351883
  },
  "41": {
    "time": 6.125,
    "mem": 1234200,
    "read": 3867,
    "write": 1205,
    "flops": 254708.025,
    "emem": 1234200,
    "e": 8.884986612090092
  },
  "42": {
    "time": 2.297,
    "mem": 767040,
    "read": 1767,
    "write": 749,
    "flops": 97893.48,
    "emem": 767040,
    "e": 3.2927497854410652
  },
  "43": {
    "time": 0.706,
    "mem": 388960,
    "read": 644,
    "write": 379,
    "flops": 25331.02,
    "emem": 388960,
    "e": 1.037307199392388
  },
  "44": {
    "time": 1.28,
    "mem": 478800,
    "read": 856,
    "write": 467,
    "flops": 37765.35,
    "emem": 478800,
    "e": 1.7601029855669539
  },
  "45": {
    "time": 0.298,
    "mem": 210144,
    "read": 273,
    "write": 205,
    "flops": 6961.02,
    "emem": 210144,
    "e": 0.5246980277193772
  },
  "46": {
    "time": 4.846,
    "mem": 1102640,
    "read": 3395,
    "write": 1076,
    "flops": 212396.03,
    "emem": 1102640,
    "e": 6.974771607568202
  },
  "47": {
    "time": 1.841,
    "mem": 709200,
    "read": 1485,
    "write": 692,
    "flops": 79873.65,
    "emem": 709200,
    "e": 2.4839029084664572
  },
  "48": {
    "time": 2.562,
    "mem": 860160,
    "read": 2067,
    "write": 840,
    "flops": 120529.92,
    "emem": 860160,
    "e": 3.6505638934368503
  },
  "49": {
    "time": 0.417,
    "mem": 217200,
    "read": 300,
    "write": 212,
    "flops": 8172.15,
    "emem": 217200,