{
  "0": {
    "time": 2.631,
    "mem": 20248,
    "read": 24805,
    "write": 19,
    "flops": 12687.903,
    "emem": 20248,
    "e": 3.9464999999999995
  },
  "1": {
    "time": 2.151,
    "mem": 16984,
    "read": 21248,
    "write": 16,
    "flops": 10867.637,
    "emem": 16984,
    "e": 3.2264999999999997
  },
  "2": {
    "time": 0.593,
    "mem": 10248,
    "read": 4547,
    "write": 10,
    "flops": 2322.453,
    "emem": 10248,
    "e": 0.8895
  },
  "3": {
    "time": 3.886,
    "mem": 25648,
    "read": 37356,
    "write": 25,
    "flops": 19110.966,
    "emem": 25648,
    "e": 5.829000000000001
  },
  "4": {
    "time": 1.275,
    "mem": 4680,
    "read": 7959,
    "write": 4,
    "flops": 4066.335,
    "emem": 4680,
    "e": 1.9124999999999999
  },
  "5": {
    "time": 2.29,
    "mem": 20648,
    "read": 22945,
    "write": 20,
    "flops": 11735.807,
    "emem": 20648,
    "e": 3.435
  },
  "6": {
    "time": 3.565,
    "mem": 22832,
    "read": 35999,
    "write": 22,
    "flops": 18416.862,
    "emem": 22832,
    "e": 5.3475
  },
  "7": {
    "time": 2.256,
    "mem": 22184,
    "read": 18822,
    "write": 21,
    "flops": 9625.083,
    "emem": 22184,
    "e": 3.3839999999999995
  },
  "8": {
    "time": 1.187,
    "mem": 9568,
    "read": 7845,
    "write": 9,
    "flops": 4010.188,
    "emem": 9568,
    "e": 1.7805
  },
  "9": {
    "time": 1.064,
    "mem": 14400,
    "read": 8020,
    "write": 14,
    "flops": 4098.6,
    "emem": 14400,
    "e": 1.596
  },
  "10": {
    "time": 1.474,
    "mem": 16328,
    "read": 10752,
    "write": 15,
    "flops": 5496.413,
    "emem": 16328,
    "e": 2.211
  },
  "11": {
    "time": 7.48,
    "mem": 27560,
    "read": 45794,
    "write": 26,
    "flops": 23429.445,
    "emem": 27560,
    "e": 11.22
  },
  "12": {
    "time": 1.852,
    "mem": 5576,
    "read": 4504,
    "write": 5,
    "flops": 2300.797,
    "emem": 5576,
    "e": 2.778
  },
  "13": {
    "time": 1.519,
    "mem": 10696,
    "read": 8618,
    "write": 10,
    "flops": 4405.415,
    "emem": 10696,
    "e": 2.2784999999999997
  },
  "14": {
    "time": 0.82,
    "mem": 10312,
    "read": 4792,
    "write": 10,
    "flops": 2447.811,
    "emem": 10312,
    "e": 1.23
  },
  "15": {
    "time": 5.253,
    "mem": 16088,
    "read": 25055,
    "write": 15,
    "flops": 12816.103,
    "emem": 16088,
    "e": 7.8795
  },
  "16": {
    "time": 1.71,
    "mem": 27968,
    "read": 12990,
    "write": 27,
    "flops": 6638.904,
    "emem": 27968,
    "e": 2.565
  },
  "17": {
    "time": 0.849,
    "mem": 6776,
    "read": 4080,
    "write": 6,
    "flops": 2084.467,
    "emem": 6776,
    "e": 1.2734999999999999
  },
  "18": {
    "time": 2.102,
    "mem": 19584,
    "read": 14186,
    "write": 19,
    "flops": 7253.424,
    "emem": 19584,
    "e": 3.1529999999999996
  },
  "19": {
    "time": 1.838,
    "mem": 22712,
    "read": 17550,
    "write": 22,
    "flops": 8974.079,
    "emem": 22712,
    "e": 2.757
  },
  "20": {
    "time": 0.232,
    "mem": 3888,
    "read": 1278,
    "write": 3,
    "flops": 651.726,
    "emem": 3888,
    "e": 0.34800000000000003
  },
  "21": {
    "time": 2.894,
    "mem": 17984,
    "read": 21198,
    "write": 17,
    "flops": 10842.104,
    "emem": 17984,
    "e": 4.341
  },
  "22": {
    "time": 1.442,
    "mem": 9000,
    "read": 9755,
    "write": 8,
    "flops": 4987.125,
    "emem": 9000,
    "e": 2.163
  },
  "23": {
    "time": 1.283,
    "mem": 11904,
    "read": 10865,
    "write": 11,
    "flops": 5554.704,
    "emem": 11904,
    "e": 1.9244999999999999
  },
  "24": {
    "time": 1.604,
    "mem": 16856,
    "read": 9024,
    "write": 16,
    "flops": 4612.223,
    "emem": 16856,
    "e": 2.406
  },
  "25": {
    "time": 1.184,
    "mem": 6056,
    "read": 6283,
    "write": 5,
    "flops": 3210.437,
    "emem": 6056,
    "e": 1.7759999999999998
  },
  "26": {
    "time": 1.694,
    "mem": 14408,
    "read": 14472,
    "write": 14,
    "flops": 7400.309,
    "emem": 14408,
    "e": 2.541
  },
  "27": {
    "time": 3.709,
    "mem": 22904,
    "read": 38126,
    "write": 22,
    "flops": 19505.619,
    "emem": 22904,
    "e": 5.5635
  },
  "28": {
    "time": 1.604,
    "mem": 7464,
    "read": 11445,
    "write": 7,
    "flops": 5850.843,
    "emem": 7464,
    "e": 2.406
  },
  "29": {
    "time": 0.657,
    "mem": 6432,
    "read": 4219,
    "write": 6,
    "flops": 2155.524,
    "emem": 6432,
    "e": 0.9855
  },
  "30": {
    "time": 1.175,
    "mem": 18184,
    "read": 9637,
    "write": 17,
    "flops": 4925.591,
    "emem": 18184,
    "e": 1.7625000000000002
  },
  "31": {
    "time": 1.315,
    "mem": 5832,
    "read": 8836,
    "write": 5,
    "flops": 4516.155,
    "emem": 5832,
    "e": 1.9725
  },
  "32": {
    "time": 0.317,
    "mem": 5256,
    "read": 958,
    "write": 5,
    "flops": 488.151,
    "emem": 5256,
    "e": 0.47550000000000003
  },
  "33": {
    "time": 2.241,
    "mem": 17240,
    "read": 21063,
    "write": 16,
    "flops": 10772.845,
    "emem": 17240,
    "e": 3.3615000000000004
  },
  "34": {
    "time": 0.512,
    "mem": 9304,
    "read": 2941,
    "write": 9,
    "flops": 1501.433,
    "emem": 9304,
    "e": 0.768
  },
  "35": {
    "time": 0.949,
    "mem": 12720,
    "read": 7594,
    "write": 12,
    "flops": 3881.19,
    "emem": 12720,
    "e": 1.4235
  },
  "36": {
    "time": 2.16,
    "mem": 9976,
    "read": 16882,
    "write": 9,
    "flops": 8632.981,
    "emem": 9976,
    "e": 3.24
  },
  "37": {
    "time": 2.57,
    "mem": 23264,
    "read": 20203,
    "write": 22,
    "flops": 10332.124,
    "emem": 23264,
    "e": 3.8549999999999995
  },
  "38": {
    "time": 0.509,
    "mem": 17592,
    "read": 3205,
    "write": 17,
    "flops": 1633.857,
    "emem": 17592,
    "e": 0.7635000000000001
  },
  "39": {
    "time": 1.847,
    "mem": 14712,
    "read": 17645,
    "write": 14,
    "flops": 9023.973,
    "emem": 14712,
    "e": 2.7705
  },
  "40": {
    "time": 1.939,
    "mem": 26064,
    "read": 19324,
    "write": 25,
    "flops": 9881.514,
    "emem": 26064,
    "e": 2.9085
  },
  "41": {
    "time": 0.936,
    "mem": 10032,
    "read": 7672,
    "write": 9,
    "flops": 3921.258,
    "emem": 10032,
    "e": 1.4040000000000001
  },
  "42": {
    "time": 2.757,
    "mem": 18280,
    "read": 27717,
    "write": 17,
    "flops": 14178.425,
    "emem": 18280,
    "e": 4.1355
  },
  "43": {
    "time": 3.035,
    "mem": 20664,
    "read": 31714,
    "write": 20,
    "flops": 16223.823,
    "emem": 20664,
    "e": 4.5525
  },
  "44": {
    "time": 0.692,
    "mem": 24528,
    "read": 3845,
    "write": 23,
    "flops": 1959.174,
    "emem": 24528,
    "e": 1.0379999999999998
  },
  "45": {
    "time": 0.628,
    "mem": 4640,
    "read": 3783,
    "write": 4,
    "flops": 1931.98,
    "emem": 4640,
    "e": 0.942
  },
  "46": {
    "time": 1.202,
    "mem": 26984,
    "read": 11202,
    "write": 26,
    "flops": 5723.981,
    "emem": 26984,
    "e": 1.803
  },
  "47": {
    "time": 0.853,
    "mem": 7624,
    "read": 6092,
    "write": 7,
    "flops": 3113.451,
    "emem": 7624,
    "e": 1.2795
  },
  "48": {
    "time": 2.218,
    "mem": 13744,
    "read": 13758,
    "write": 13,
    "flops": 7035.21,
    "emem": 13744,
    "e": 3.327
  },
  "49": {
    "time": 0.422,
    "mem": 16440,
    "read": 2987,
    "write": 16,
    "flops": 1522.755,
    "emem": 16440,
    "e": 0.633
  }
}