{
  "0": {
    "time": 49.489,
    "mem": 4531528,
    "read": 18587,
    "write": 8774,
    "flops": 698496.96,
    "emem": 4531520,
    "e": 44.573437494309076
  },
  "1": {
    "time": 16.623,
    "mem": 1780240,
    "read": 5978,
    "write": 3427,
    "flops": 148929.792,
    "emem": 1780232,
    "e": 15.084548276900378
  },
  "2": {
    "time": 24.142,
    "mem": 2388728,
    "read": 8060,
    "write": 4591,
    "flops": 213333.12,
    "emem": 2388720,
    "e": 21.820865748325208
  },
  "3": {
    "time": 16.125,
    "mem": 1729768,
    "read": 5680,
    "write": 3375,
    "flops": 133106.4,
    "emem": 1729760,
    "e": 14.42288709477495
  },
  "4": {
    "time": 54.15,
    "mem": 4956520,
    "read": 21524,
    "write": 9534,
    "flops": 929335.68,
    "emem": 4956512,
    "e": 48.77609874244486
  },
  "5": {
    "time": 41.157,
    "mem": 3786668,
    "read": 13245,
    "write": 7165,
    "flops": 422744.112,
    "emem": 3786660,
    "e": 36.84306549301642
  },
  "6": {
    "time": 50.153,
    "mem": 4500392,
    "read": 17759,
    "write": 8577,
    "flops": 646039.68,
    "emem": 4500384,
    "e": 45.146134775203535
  },
  "7": {
    "time": 66.452,
    "mem": 5649024,
    "read": 27267,
    "write": 10760,
    "flops": 1278637.632,
    "emem": 5649016,
    "e": 59.67311016896318
  },
  "8": {
    "time": 8.558,
    "mem": 967680,
    "read": 2951,
    "write": 1849,
    "flops": 54382.08,
    "emem": 967672,
    "e": 7.68175386742141
  },
  "9": {
    "time": 12.325,
    "mem": 1263608,
    "read": 3518,
    "write": 2365,
    "flops": 58032.0,
    "emem": 1263600,
    "e": 11.186054777207017
  },
  "10": {
    "time": 22.178,
    "mem": 2257208,
    "read": 7204,
    "write": 4315,
    "flops": 178920.72,
    "emem": 2257200,
    "e": 19.97793935074119
  },
  "11": {
    "time": 54.701,
    "mem": 4830848,
    "read": 21333,
    "write": 9354,
    "flops": 895907.232,
    "emem": 4830840,
    "e": 49.32097043687299
  },
  "12": {
    "time": 49.086,
    "mem": 4523128,
    "read": 17569,
    "write": 8703,
    "flops": 660974.4,
    "emem": 4523120,
    "e": 44.23232504240343
  },
  "13": {
    "time": 26.87,
    "mem": 2724216,
    "read": 10437,
    "write": 5219,
    "flops": 322956.48,
    "emem": 2724208,
    "e": 24.19617619994722
  },
  "14": {
    "time": 8.753,
    "mem": 900168,
    "read": 2692,
    "write": 1755,
    "flops": 44796.928,
    "emem": 900160,
    "e": 8.024000104229223
  },
  "15": {
    "time": 22.362,
    "mem": 2353760,
    "read": 8447,
    "write": 4483,
    "flops": 252247.12,
    "emem": 2353752,
    "e": 20.045666552565706
  },
  "16": {
    "time": 49.768,
    "mem": 4525000,
    "read": 20778,
    "write": 8548,
    "flops": 890433.12,
    "emem": 4524992,
    "e": 44.931685374833535
  },
  "17": {
    "time": 83.078,
    "mem": 6415200,
    "read": 34093,
    "write": 12244,
    "flops": 1677445.2,
    "emem": 6415192,
    "e": 74.66314091938307
  },
  "18": {
    "time": 70.454,
    "mem": 4994396,
    "read": 22783,
    "write": 9569,
    "flops": 995258.88,
    "emem": 4994388,
    "e": 63.326047196656056
  },
  "19": {
    "time": 27.434,
    "mem": 2695792,
    "read": 9418,
    "write": 5180,
    "flops": 267106.84,
    "emem": 2695784,
    "e": 24.79169885694568
  },
  "20": {
    "time": 62.947,
    "mem": 5440512,
    "read": 26995,
    "write": 10350,
    "flops": 1216484.352,
    "emem": 5440504,
    "e": 56.57292669194512
  },
  "21": {
    "time": 17.263,
    "mem": 1831168,
    "read": 6281,
    "write": 3475,
    "flops": 165267.328,
    "emem": 1831160,
    "e": 15.555659404858847
  },
  "22": {
    "time": 49.135,
    "mem": 4465700,
    "read": 16811,
    "write": 8478,
    "flops": 597654.288,
    "emem": 4465692,
    "e": 44.19591607092754
  },
  "23": {
    "time": 92.798,
    "mem": 7055100,
    "read": 35387,
    "write": 13676,
    "flops": 1778961.6,
    "emem": 7055092,
    "e": 83.50656789564441
  },
  "24": {
    "time": 8.821,
    "mem": 869280,
    "read": 2515,
    "write": 1673,
    "flops": 39171.28,
    "emem": 869272,
    "e": 7.920247182756522
  },
  "25": {
    "time": 5.508,
    "mem": 451628,
    "read": 1276,
    "write": 877,
    "flops": 15823.08,
    "emem": 451620,
    "e": 5.008362497370613
  },
  "26": {
    "time": 58.024,
    "mem": 4404928,
    "read": 16054,
    "write": 8357,
    "flops": 562553.2,
    "emem": 4404920,
    "e": 52.183115737157806
  },
  "27": {
    "time": 44.29,
    "mem": 3995108,
    "read": 15800,
    "write": 7775,
    "flops": 581297.472,
    "emem": 3995100,
    "e": 39.85689704536041
  },
  "28": {
    "time": 23.665,
    "mem": 2400864,
    "read": 8809,
    "write": 4630,
    "flops": 258917.376,
    "emem": 2400856,
    "e": 21.200089716974595
  },
  "29": {
    "time": 38.022,
    "mem": 3582024,
    "read": 13616,
    "write": 6965,
    "flops": 470498.112,
    "emem": 3582016,
    "e": 34.319145283109535
  },
  "30": {
    "time": 17.666,
    "mem": 1815848,
    "read": 5930,
    "write": 3537,
    "flops": 141373.44,
    "emem": 1815840,
    "e": 15.87919340630919
  },
  "31": {
    "time": 17.934,
    "mem": 1869016,
    "read": 5986,
    "write": 3619,
    "flops": 141216.768,
    "emem": 1869008,
    "e": 16.259408570433997
  },
  "32": {
    "time": 57.353,
    "mem": 4604040,
    "read": 20121,
    "write": 8837,
    "flops": 841428.0,
    "emem": 4604032,
    "e": 51.565104005389514
  },
  "33": {
    "time": 39.061,
    "mem": 3702104,
    "read": 13875,
    "write": 7118,
    "flops": 468717.84,
    "emem": 3702096,
    "e": 35.18805810062706
  },
  "34": {
    "time": 58.189,
    "mem": 5089400,
    "read": 22053,
    "write": 9887,
    "flops": 915310.368,
    "emem": 5089392,
    "e": 52.366347901413874
  },
  "35": {
    "time": 20.833,
    "mem": 2129408,
    "read": 6457,
    "write": 4010,
    "flops": 145204.8,
    "emem": 2129400,
    "e": 18.697418573951172
  },
  "36": {
    "time": 81.537,
    "mem": 6749228,
    "read": 30651,
    "write": 12951,
    "flops": 1372443.84,
    "emem": 6749220,
    "e": 73.45768415220012
  },
  "37": {
    "time": 4.627,
    "mem": 400144,
    "read": 1148,
    "write": 771,
    "flops": 13989.376,
    "emem": 400136,
    "e": 4.059092529451333
  },
  "38": {
    "time": 43.783,
    "mem": 4041584,
    "read": 14603,
    "write": 7705,
    "flops": 497712.6,
    "emem": 4041576,
    "e": 39.47105812979189
  },
  "39": {
    "time": 26.58,
    "mem": 2678400,
    "read": 9929,
    "write": 5139,
    "flops": 312636.24,
    "emem": 2678392,
    "e": 23.813219439035425
  },
  "40": {
    "time": 17.996,
    "mem": 1868608,
    "read": 6222,
    "write": 3619,
    "flops": 155982.208,
    "emem": 1868600,
    "e": 16.156426507136523
  },
  "41": {
    "time": 26.818,
    "mem": 2649512,
    "read": 9554,
    "write": 5143,
    "flops": 269378.592,
    "emem": 2649504,
    "e": 24.085180560818657
  },
  "42": {
    "time": 16.335,
    "mem": 1705544,
    "read": 5568,
    "write": 3322,
    "flops": 128616.768,
    "emem": 1705536,
    "e": 14.697384384036669
  },
  "43": {
    "time": 21.424,
    "mem": 2175608,
    "read": 7827,
    "write": 4220,
    "flops": 199449.6,
    "emem": 2175600,
    "e": 19.326523837918277
  },
  "44": {
    "time": 28.322,
    "mem": 2803704,
    "read": 10060,
    "write": 5471,
    "flops": 308927.52,
    "emem": 2803696,
    "e": 25.478105943056455
  },
  "45": {
    "time": 37.803,
    "mem": 3629808,
    "read": 14714,
    "write": 7063,
    "flops": 527684.976,
    "emem": 3629800,
    "e": 33.86902099740847
  },
  "46": {
    "time": 70.164,
    "mem": 5754112,
    "read": 28871,
    "write": 10952,
    "flops": 1363374.376,
    "emem": 5754104,
    "e": 63.21578124894876
  },
  "47": {
    "time": 8.085,
    "mem": 848160,
    "read": 2556,
    "write": 1647,
    "flops": 42187.776,
    "emem": 848152,
    "e": 7.2454276381329255
  },
  "48": {
    "time": 70.427,
    "mem": 5292008,
    "read": 23254,
    "write": 10188,