{
    "0": 0.050355244000000354,
    "1": 0.031937370999998604,
    "2": 0.04292812199999796,
    "3": 0.035460530999998574,
    "4": 0.08214100099999766,
    "5": 0.16931078800000032,
    "6": 0.3464596350000011,
    "7": 0.030305094999997895,
    "8": 0.13784391999999968,
    "9": 0.3207406979999978,
    "10": 0.2582529660000028,
    "11": 0.08172306299999743,
    "12": 0.051789471999999837,
    "13": 0.10343363199999622,
    "14": 0.43018281999999,
    "15": 0.16231522000000087,
    "16": 0.13217895599999974,
    "17": 0.14465197499999682,
    "18": 0.12583672199999452,
    "19": 0.08517081400000492,
    "20": 0.03558428400000091,
    "21": 0.058092723000009006,
    "22": 0.1063217519999986,
    "23": 0.21022198100000056,
    "24": 0.05016203999999691,
    "25": 0.20912375399998595,
    "26": 0.2067284609999902,
    "27": 0.07209002600000591,
    "28": 0.2356774849999903,
    "29": 0.03833750500000388,
    "30": 0.023077223999999674,
    "31": 0.26723950399999996,
    "32": 0.24539254600000326,
    "33": 0.03545770699999995,
    "34": 0.15786707099999475,
    "35": 0.3278288580000144,
    "36": 0.14697207299998905,
    "37": 0.24518020199999402,
    "38": 0.07813772600000046,
    "39": 0.035020555000001785,
    "40": 0.1876106669999995,
    "41": 0.05257878600000687,
    "42": 0.22230841199998785,
    "43": 0.0502157730000059,
    "44": 0.026514999000004202,
    "45": 0.030203554000008737,
    "46": 0.04193092100000051,
    "47": 0.10975650099998546,
    "48": 0.03135046900000926,
    "49": 0.12484745500000827,
    "50": 0.27629444400001013,
    "51": 0.14293424600000026,
    "52": 0.07953544199999651,
    "53": 0.1689548320000247,
    "54": 0.18807031999998536,
    "55": 0.16557992200000626,
    "56": 0.15256779399996745,
    "57": 0.030258133999996772,
    "58": 0.24865859999998996,
    "59": 0.2189645330000154,
    "60": 0.11028537699999674,
    "61": 0.19274272099998235,
    "62": 0.029081711000026544,
    "63": 0.11838075700001482,
    "64": 0.07693812100001907,
    "65": 0.1414675510000123,
    "66": 0.30650146599997186,
    "67": 0.04525674999999829,
    "68": 0.14174352999997986,
    "69": 0.2846638219999562,
    "70": 0.030141712000016696,
    "71": 0.1446200089999703,
    "72": 0.26971787100001166,
    "73": 0.11644112099999937,
    "74": 0.02959004400003451,
    "75": 0.04575684600005481,
    "76": 0.1271211330000117,
    "77": 0.10945737300002634,
    "78": 0.1515767450000105,
    "79": 0.09197882500003374,
    "80": 0.021731041000062845,
    "81": 0.08855021199999413,
    "82": 0.22320121199996912,
    "83": 0.03185980399998378,
    "84": 0.2414618030000053,
    "85": 0.46242982999997295,
    "86": 0.040226054999964234,
    "87": 0.06261962000002086,
    "88": 0.06256009099998927,
    "89": 0.3401023980000506,
    "90": 0.21041920300001493,
    "91": 0.099908537999994,
    "92": 0.021671590999964963,
    "93": 0.27292647400002323,
    "94": 0.21946707600000614,
    "95": 0.1175211649999941,
    "96": 0.21264278099995693,
    "97": 0.2484130870000154,
    "98": 0.17961629900000808,
    "99": 0.14536913899996406,
    "100": 0.08253224799998016,
    "101": 0.23630503600004715,
    "102": 0.2934688919999786,
    "103": 0.023472892000018675,
    "104": 0.1182092499999392,
    "105": 0.10928109800002339,
    "106": 0.2632448450000169,
    "107": 0.22639659000007484,
    "108": 0.3919420709999777,
    "109": 0.0293000510000212,
    "110": 0.3889833669999767,
    "111": 0.05305367900010083,
    "112": 0.19339417000002612,
    "113": 0.155543507999937,
    "114": 0.1088449539999452,
    "115": 0.04450258900002524,
    "116": 0.03919242400001721,
    "117": 0.022311612999946107,
    "118": 0.18246663899996207,
    "119": 0.048057425000042286,
    "120": 0.14607422099996725,
    "121": 0.15335440599993788,
    "122": 0.24995612800003997,
    "123": 0.04874371099998953,
    "124": 0.2555923359999923,
    "125": 0.08735334199997524,
    "126": 0.12647124499992657,
    "127": 0.203152038999999,
    "128": 0.0700880160000068,
    "129": 0.029179746000025375,
    "130": 0.03903746099999239,
    "131": 0.17710128000002356,
    "132": 0.024043315000007226,
    "133": 0.04837462800004033,
    "134": 0.021747621999971045,
    "135": 0.09719428299991151,
    "136": 0.1440510689999428,
    "137": 0.08428155500001466,
    "138": 0.032503672000039785,
    "139": 0.09641062100001108,
    "140": 0.033865786999943026,
    "141": 0.08192379199998001,
    "142": 0.18334436599994675,
    "143": 0.05293469099991199,
    "144": 0.12522849500006927,
    "145": 0.2766904289999417,
    "146": 0.2073982149999658,
    "147": 0.04563490600001785,
    "148": 0.02115907099996761,
    "149": 0.028375122000003472,
    "150": 0.09712591999997855,
    "151": 0.095735875000031,
    "152": 0.13369536899994472,
    "153": 0.13226879899991673,
    "154": 0.1658351340000621,
    "155": 0.08216920999997512,
    "156": 0.033085252999971004,
    "157": 0.21945910499998078,
    "158": 0.23952713000002035,
    "159": 0.14547200000000515,
    "160": 0.07212040699999278,
    "161": 0.14324354399993666,
    "162": 0.29986279199994215,
    "163": 0.02310591599995604,
    "164": 0.02840166899997243,
    "165": 0.1231189600000775,
    "166": 0.0613837899999794,
    "167": 0.12505918899998036,
    "168": 0.058585123000014505,
    "169": 0.1670375960000534,
    "170": 0.1803060210000602,
    "171": 0.2987200710000053,
    "172": 0.16709342499994762,
    "173": 0.12389932300002116,
    "174": 0.07467659899996804,
    "175": 0.09794445399983687,
    "176": 0.11527224699997873,
    "177": 0.20373470300003405,
    "178": 0.05338894899997371,
    "179": 0.3308626420000671,
    "180": 0.22302933600003172,
    "181": 0.1264448279999435,
    "182": 0.3227320320000828,
    "183": 0.10310155500007667,
    "184": 0.18338261699994973,
    "185": 0.14467216399997085,
    "186": 0.28202325700007336,
    "187": 0.3290446840000918,
    "188": 0.17595236400001824,
    "189": 0.04978599199997191,
    "190": 0.22558291200000724,
    "191": 0.052567592000041685,
    "192": 0.022102815999939907,
    "193": 0.09123950400001846,
    "194": 0.3169213640000166,
    "195": 0.19580003800007617,
    "196": 0.11931020100006862,
    "197": 0.1790069900000404,
    "198": 0.17445186099994103,
    "199": 0.033824450999880185
}