{
  "Linear": {
    "coeff_lat": [
      "1.1908e-04",
      "4.3573e-03",
      "1.0518e-14"
    ],
    "train_lat_mape": 18.949273481757626,
    "test_lat_mape": 18.895423700469472,
    "coeff_e": [
      1.508771045008981
    ],
    "train_e_mape": 20.453495807043602,
    "test_e_mape": 21.5355845472214
  },
  "LinearGeneral": {
    "coeff_lat": [
      "7.2194e-04",
      "5.9369e-15",
      "1.2545e-05"
    ],
    "train_lat_mape": 12.471983887386868,
    "test_lat_mape": 14.586540467305237,
    "coeff_e": [
      1.4495621427355914
    ],
    "train_e_mape": 13.456209163901752,
    "test_e_mape": 16.980170599793844
  },
  "Encoder": {
    "coeff_lat": [
      "1.3257e-18",
      "1.6811e-03",
      "2.7591e-05"
    ],
    "train_lat_mape": 5.659632591296627,
    "test_lat_mape": 6.147772099402636,
    "coeff_e": [
      1.040042209015999
    ],
    "train_e_mape": 5.6988110089838955,
    "test_e_mape": 6.137662884702442
  },
  "MSA": {
    "coeff_lat": [
      "6.7756e-19",
      "4.5571e-03",
      "1.6270e-05"
    ],
    "train_lat_mape": 5.816950973321486,
    "test_lat_mape": 6.6379057386293,
    "coeff_e": [
      0.8999370205527996
    ],
    "train_e_mape": 5.838184590420153,
    "test_e_mape": 6.5967139324626505
  },
  "FFN": {
    "coeff_lat": [
      "1.9879e-14",
      "1.6491e-02",
      "2.1238e-04"
    ],
    "train_lat_mape": 7.729734835414652,
    "test_lat_mape": 8.28095880014535,
    "coeff_e": [
      1.6071854729017774
    ],
    "train_e_mape": 7.736747613312349,
    "test_e_mape": 8.70303444725291
  },
  "avg": {
    "train_lat_mape": "10.13",
    "test_lat_mape": "10.91",
    "train_e_mape": "10.64",
    "test_e_mape": "11.99"
  }
}