{
  "Linear": {
    "coeff_lat": [
      "1.1908e-04",
      "4.3573e-03",
      "1.0518e-14"
    ],
    "train_lat_mape": 18.949273481757626,
    "test_lat_mape": 18.895423700469472,
    "coeff_e": [
      1.5000000000015263
    ],
    "train_e_mape": 18.949273481756556,
    "test_e_mape": 18.895423700481576
  },
  "LinearGeneral": {
    "coeff_lat": [
      "7.2194e-04",
      "5.9369e-15",
      "1.2545e-05"
    ],
    "train_lat_mape": 12.471983887386868,
    "test_lat_mape": 14.586540467305237,
    "coeff_e": [
      1.4499999999985542
    ],
    "train_e_mape": 12.471983887358475,
    "test_e_mape": 14.58654046726576
  },
  "Encoder": {
    "coeff_lat": [
      "1.3257e-18",
      "1.6811e-03",
      "2.7591e-05"
    ],
    "train_lat_mape": 5.659632591296627,
    "test_lat_mape": 6.147772099402636,
    "coeff_e": [
      1.0400000000000005
    ],
    "train_e_mape": 5.65963259129664,
    "test_e_mape": 6.147772099402657
  },
  "MSA": {
    "coeff_lat": [
      "6.7756e-19",
      "4.5571e-03",
      "1.6270e-05"
    ],
    "train_lat_mape": 5.816950973321486,
    "test_lat_mape": 6.6379057386293,
    "coeff_e": [
      0.8999999999999997
    ],
    "train_e_mape": 5.816950973321476,
    "test_e_mape": 6.637905738629294
  },
  "FFN": {
    "coeff_lat": [
      "1.9879e-14",
      "1.6491e-02",
      "2.1238e-04"
    ],
    "train_lat_mape": 7.729734835414652,
    "test_lat_mape": 8.28095880014535,
    "coeff_e": [
      1.6000000000202947
    ],
    "train_e_mape": 7.729734835969337,
    "test_e_mape": 8.28095880099877
  }
}