{
    "0": 2.1510484389999984,
    "1": 0.28177942299999437,
    "2": 0.44763874900000156,
    "3": 3.0190053740000096,
    "4": 2.115996532000004,
    "5": 2.784649684999996,
    "6": 0.9795527559999968,
    "7": 0.6950965919999756,
    "8": 0.5463192830000221,
    "9": 1.3963363289999755,
    "10": 1.3802403539999908,
    "11": 0.2674386619999538,
    "12": 3.2286759090000245,
    "13": 1.5789121819999181,
    "14": 2.1074219220000145,
    "15": 2.0550623169999973,
    "16": 0.9746294189999389,
    "17": 3.2921641970000763,
    "18": 0.8622674880001142,
    "19": 0.36271191200000885,
    "20": 3.1689927000000395,
    "21": 0.3518923510000107,
    "22": 0.6737116170000448,
    "23": 1.3065742160000795,
    "24": 0.32574608700000596,
    "25": 0.9139775320000183,
    "26": 4.77118475200006,
    "27": 0.5364268659999496,
    "28": 2.5972987240001046,
    "29": 1.2515162700000033,
    "30": 0.517409642999958,
    "31": 2.835837783000038,
    "32": 0.4994901250000865,
    "33": 1.7638846420001144,
    "34": 0.3701545360000793,
    "35": 0.9767265800000331,
    "36": 2.071209792999973,
    "37": 0.5749711510002626,
    "38": 1.6629758039998848,
    "39": 1.017727344000015,
    "40": 0.6965589580000753,
    "41": 0.8246452860000346,
    "42": 0.3488689659997988,
    "43": 1.2149876140000586,
    "44": 0.49824136999998103,
    "45": 2.9531456520000177,
    "46": 0.5746042139996774,
    "47": 0.5361207980001126,
    "48": 2.016148206000068,
    "49": 1.0518759119998862,
    "50": 0.6559086719998817,
    "51": 1.4733323060000032,
    "52": 2.2222294219998275,
    "53": 0.8943452119999193,
    "54": 3.557948379999999,
    "55": 0.5056837050001235,
    "56": 2.131037219000504,
    "57": 2.525709804999991,
    "58": 4.340333802000131,
    "59": 0.5569869540002372,
    "60": 3.003721791999908,
    "61": 1.045112591999768,
    "62": 0.8424602469998206,
    "63": 0.8910988699999649,
    "64": 0.2984441570001479,
    "65": 0.5639450470000327,
    "66": 0.9778307340001788,
    "67": 0.3733662669999802,
    "68": 0.8504258680002863,
    "69": 1.5011443650002718,
    "70": 0.7972207100001043,
    "71": 1.244380354000043,
    "72": 0.9874421979999681,
    "73": 0.5727742429995999,
    "74": 3.6386062780003385,
    "75": 0.32514782599982084,
    "76": 1.2984081250001367,
    "77": 0.2862943200002519,
    "78": 1.9348761379998791,
    "79": 4.445485194000057,
    "80": 0.9395551489997018,
    "81": 3.066895973999806,
    "82": 0.5837041660000324,
    "83": 0.3242190119999293,
    "84": 1.6773064720000121,
    "85": 1.0369222470002057,
    "86": 0.44754899000010084,
    "87": 0.2899928219997321,
    "88": 1.3991611480000046,
    "89": 4.910816433000491,
    "90": 1.3753360419998728,
    "91": 0.307404641999824,
    "92": 1.5948040419999643,
    "93": 1.8846855919997552,
    "94": 0.6234998659998041,
    "95": 1.3139279660001364,
    "96": 0.29963138399989475,
    "97": 1.0674952549998125,
    "98": 1.0123042799998245,
    "99": 1.677115209999812,
    "100": 0.7431575179999754,
    "101": 1.422130920999905,
    "102": 1.9311648980001621,
    "103": 3.3322575020000897,
    "104": 0.29570628300041335,
    "105": 2.845881773000258,
    "106": 3.9710168500003817,
    "107": 1.4423182949998363,
    "108": 0.5647165279990816,
    "109": 0.851669562000211,
    "110": 2.200529845999881,
    "111": 1.5111171580004452,
    "112": 1.683979843999623,
    "113": 0.31673532299996054,
    "114": 2.6833163739994177,
    "115": 1.2423399140000981,
    "116": 3.8210862680006414,
    "117": 0.5177503300004389,
    "118": 0.5125426360002052,
    "119": 1.426825611999618,
    "120": 2.5960934980000445,
    "121": 0.6616934210002796,
    "122": 3.264306591000093,
    "123": 0.7952186689996665,
    "124": 4.801594322999989,
    "125": 1.1062750969995818,
    "126": 2.2621528930006605,
    "127": 1.6992538359994285,
    "128": 0.5335592560006717,
    "129": 3.505326890999555,
    "130": 0.8829775910003264,
    "131": 1.418036577000322,
    "132": 0.5717265069993971,
    "133": 0.7967721060001054,
    "134": 1.2357479130000115,
    "135": 0.8058330989999831,
    "136": 0.6883632970001088,
    "137": 0.6282740019997561,
    "138": 1.6893781660004947,
    "139": 2.7815928739997844,
    "140": 1.0305055869993964,
    "141": 1.7284255840003198,
    "142": 3.922668862000421,
    "143": 2.551495989000273,
    "144": 1.1637229650005168,
    "145": 0.9483897529992475,
    "146": 0.4234902869999644,
    "147": 0.5299309560000438,
    "148": 2.5363439100002836,
    "149": 0.2746168439994108,
    "150": 1.1244882119999886,
    "151": 0.451375165000826,
    "152": 0.5678368680001427,
    "153": 0.6272893300003659,
    "154": 4.82003858500056,
    "155": 0.60322129399961,
    "156": 0.601766410000721,
    "157": 1.0474909060001494,
    "158": 1.2018076360003818,
    "159": 0.7541701309997961,
    "160": 0.43707966300033263,
    "161": 0.6291707890005398,
    "162": 0.6255740760001061,
    "163": 1.9885646960000543,
    "164": 4.9242548909999755,
    "165": 0.3580105970002023,
    "166": 1.7750115699996627,
    "167": 1.3945582759995148,
    "168": 1.2364911970002197,
    "169": 3.5788947010000243,
    "170": 0.9247138780000626,
    "171": 3.7622345689998724,
    "172": 2.3982298389997823,
    "173": 0.9301912960003165,
    "174": 0.5127161819983712,
    "175": 2.320752380000499,
    "176": 0.9353862240004673,
    "177": 4.147174794000193,
    "178": 0.46267270700064955,
    "179": 2.8435831319995373,
    "180": 4.194329083000184,
    "181": 1.0791611679990751,
    "182": 0.3950095740009374,
    "183": 0.30871078699925647,
    "184": 1.4818497019994084,
    "185": 0.9685234569985823,
    "186": 0.5635806969997361,
    "187": 3.4345219199997814,
    "188": 1.3186604070000385,
    "189": 3.581774552999889,
    "190": 0.38755042500099535,
    "191": 1.6637961910003582,
    "192": 0.33447739700022794,
    "193": 1.5631200419996958,
    "194": 0.9489608000008616,
    "195": 0.7883877860006692,
    "196": 0.8097136780001506,
    "197": 0.32414074700045603,
    "198": 2.878194643000029,
    "199": 0.29401647000003095
}